instance,algorithm_a,algorithm_b,mean_sba,mean_other,p_value,significant_0.05,better,improvement_pct
berlin52,SBA,EA,8260.333333333334,8088.333333333333,0.25,False,EA,-2.1265196785493545
berlin52,SBA,ICA,8260.333333333334,9191.0,0.25,False,SBA,10.125847749610116
eil51,SBA,EA,465.6666666666667,466.0,1.0,False,SBA,0.07153075822603494
eil51,SBA,ICA,465.6666666666667,498.3333333333333,0.25,False,SBA,6.5551839464882855
