instance,algorithm_a,algorithm_b,mean_sba,mean_other,p_value,significant_0.05,better,improvement_pct
berlin52,SBA,EA,7931.1,8017.166666666667,0.047259049490094185,True,SBA,1.0735297174812364
berlin52,SBA,ICA,7931.1,8047.066666666667,0.008215040594642033,True,SBA,1.441104833231155
eil51,SBA,EA,435.3,449.06666666666666,4.309463621058069e-06,True,SBA,3.065617577197144
eil51,SBA,ICA,435.3,447.8,1.0675339034194752e-05,True,SBA,2.7914247431889194
kroA100,SBA,EA,22441.933333333334,22388.933333333334,0.4399667661637068,False,EA,-0.23672409583306298
kroA100,SBA,ICA,22441.933333333334,24160.8,1.733306644199106e-06,True,SBA,7.114278776640948
