instance,algorithm_a,algorithm_b,mean_sba,mean_other,p_value,significant_0.05,better,improvement_pct
berlin52,SBA,EA,8873.0,8432.333333333334,0.25,False,EA,-5.225916116535556
berlin52,SBA,ICA,8873.0,8980.0,0.25,False,SBA,1.1915367483296246
eil51,SBA,EA,506.6666666666667,455.6666666666667,0.25,False,EA,-11.192392099487925
eil51,SBA,ICA,506.6666666666667,511.0,0.5,False,SBA,0.8480104370515273
